GROUP,PACKAGE,CLASS,INSTRUCTION_MISSED,INSTRUCTION_COVERED,BRANCH_MISSED,BRANCH_COVERED,LINE_MISSED,LINE_COVERED,COMPLEXITY_MISSED,COMPLEXITY_COVERED,METHOD_MISSED,METHOD_COVERED
mall,cn.mklaus.app.application.product.query.response,ProductInfo,27,0,0,0,10,0,1,0,1,0
mall,cn.mklaus.app.application.user.command,UserCmdServiceImpl,127,0,0,0,29,0,6,0,6,0
mall,cn.mklaus.app.common.auth,Context,0,25,0,2,0,9,0,5,0,4
mall,cn.mklaus.app.application.user.query.request,AddressPageRequest,13,0,0,0,5,0,2,0,2,0
mall,cn.mklaus.app.common.exception,Asserts,3,9,0,2,1,3,1,2,1,1
mall,cn.mklaus.app.common.exception,ErrorCodeException,0,13,0,0,0,3,0,2,0,2
mall,cn.mklaus.app.common.exception,Violation,0,22,0,0,0,6,0,3,0,3
mall,cn.mklaus.app.common.exception,CommonErrorCode,0,67,0,0,0,9,0,1,0,1
mall,cn.mklaus.app.common.exception,MallException,9,0,0,0,4,0,2,0,2,0
mall,cn.mklaus.app.infrastructure.captcha,SendCloudCaptchaService,5,25,0,2,2,8,1,4,1,3
mall,cn.mklaus.app.common.model,Page,19,0,0,0,6,0,1,0,1,0
mall,cn.mklaus.app.common.model,Pageable,0,38,1,7,0,3,1,4,0,1
mall,cn.mklaus.app.common.model,Response,50,0,2,0,15,0,6,0,5,0
mall,cn.mklaus.app.application.user.query,UserQueryServiceImpl,51,0,0,0,12,0,3,0,3,0
mall,cn.mklaus.app,Application,5,3,0,0,2,1,1,1,1,1
mall,cn.mklaus.app.application.user.command.response,UserCreateResponse,8,0,0,0,4,0,1,0,1,0
mall,cn.mklaus.app.domain.product,Product,0,61,0,10,0,10,0,8,0,3
mall,cn.mklaus.app.domain.product,ProductValidator,60,0,4,0,14,0,6,0,4,0
mall,cn.mklaus.app.domain.product,ProductStatus,0,21,0,0,0,2,0,1,0,1
mall,cn.mklaus.app.domain.product,ProductErrorCode,0,67,0,0,0,9,0,1,0,1
mall,cn.mklaus.app.domain.product,ProductService,77,0,2,0,20,0,6,0,5,0
mall,cn.mklaus.app.domain.user,UserValidator,0,66,0,10,0,11,0,9,0,4
mall,cn.mklaus.app.domain.user,UserErrorCode,0,75,0,0,0,10,0,1,0,1
mall,cn.mklaus.app.domain.user,Address,0,31,0,8,0,4,0,6,0,2
mall,cn.mklaus.app.infrastructure.event,RocketmqEventPublisher,21,4,0,0,6,1,2,1,2,1
mall,cn.mklaus.app.application.product.query,ProductQueryServiceImpl,25,0,0,0,6,0,1,0,1,0
mall,cn.mklaus.app.web,ProductController,36,0,0,0,10,0,6,0,6,0
mall,cn.mklaus.app.web,AddressController,24,0,0,0,6,0,4,0,4,0
mall,cn.mklaus.app.web,OperatorContextFilter,20,24,4,2,5,9,3,4,0,4
mall,cn.mklaus.app.web,UserController,11,0,0,0,2,0,2,0,2,0
mall,cn.mklaus.app.domain.user.points,RegistrationPointsPolicy,0,16,0,2,0,3,0,3,0,2
mall,cn.mklaus.app.common.spec,Spec,0,65,1,9,0,9,1,11,0,7
mall,cn.mklaus.app.common.spec,Specs,0,14,0,0,0,3,0,2,0,2
mall,cn.mklaus.app.application.product.query.request,ProductPageRequest,16,0,0,0,6,0,1,0,1,0
mall,cn.mklaus.app.application.user.query.response,UserInfo,18,0,0,0,7,0,1,0,1,0
mall,cn.mklaus.app.application.user.query.response,AddressInfo,24,0,0,0,9,0,1,0,1,0
mall,cn.mklaus.app.application.user.command.assembler,UserAssembler,46,0,0,0,15,0,2,0,2,0
mall,cn.mklaus.app.infrastructure.security,Pbkdf2PasswordHasher,7,116,1,7,2,22,1,7,0,4
mall,cn.mklaus.app.configuration,GlobalExceptionHandler,78,4,0,0,16,1,6,1,6,1
mall,cn.mklaus.app.application.product.command,ProductCmdServiceImpl,57,0,0,0,16,0,5,0,5,0
mall,cn.mklaus.app.domain.user.spec,UserMustBeAdultSpec,0,25,0,4,0,5,0,4,0,2
mall,cn.mklaus.app.application.product.command.assembler,ProductAssembler,56,0,0,0,15,0,2,0,2,0
